{
  "transition_matrix": {
    "0": {
      "0": 0.31386861313868614,
      "1": 0.06315240083507306,
      "2": 0.01422807390104056
    },
    "1": {
      "0": 0.5437956204379562,
      "1": 0.5542797494780793,
      "2": 0.14971331492885964
    },
    "2": {
      "0": 0.14233576642335766,
      "1": 0.3825678496868476,
      "2": 0.8360586111700998
    }
  },
  "stationary_distribution": {
    "0": 0.0397159008551961,
    "1": 0.27772140889984076,
    "2": 0.6825626902449632
  },
  "regime_summary": {
    "0": {
      "mean_return": -1.3957617369978299e-05,
      "median_return": -9.353074684870233e-05,
      "volatility": 0.00030598015176756024,
      "avg_volume_z": 3.9302105732260655,
      "frequency": 274,
      "frequency_pct": 0.03971014492753623
    },
    "1": {
      "mean_return": -6.872319988186872e-06,
      "median_return": 0.0,
      "volatility": 0.0003503545332651856,
      "avg_volume_z": 0.9927925554434343,
      "frequency": 1916,
      "frequency_pct": 0.27768115942028987
    },
    "2": {
      "mean_return": -5.240504076942028e-07,
      "median_return": 0.0,
      "volatility": 0.00031916728426187774,
      "avg_volume_z": -0.516984665654067,
      "frequency": 4710,
      "frequency_pct": 0.6826086956521739
    }
  },
  "metadata": {
    "instrument": "ES",
    "timeframes": [
      1,
      5,
      15
    ],
    "num_regimes": 3
  }
}